timestamp,tx_id,source_acc,dest_acc,amount,channel,location,device_id,is_fraud,risk_score
2026-07-05T08:51:42.866243,TX-EAFF7DE7,ACC-896192,ACC-680048,108642.85,Internet Banking,New York,DEV-5D2B3E,0,77.74
2026-07-11T15:19:42.866243,TX-73069738,ACC-198113,ACC-506013,148250.0,ATM,Singapore,DEV-4951F1,0,31.73
2026-07-05T18:45:42.866243,TX-5DB14AB3,ACC-792092,ACC-322132,636560.89,Mobile Banking,Bengaluru,DEV-311198,0,25.26
2026-07-11T09:22:42.866243,TX-B8A6B6C2,ACC-972289,ACC-221793,753406.02,UPI,Bengaluru,DEV-4990B3,0,14.98
2026-07-10T09:17:42.866243,TX-6263FE41,ACC-278760,ACC-722055,193246.39,Mobile Banking,Kolkata,DEV-6AF066,0,6.7
2026-07-06T07:28:42.866243,TX-3971BA35,ACC-908807,ACC-336241,392096.59,RTGS,Hyderabad,DEV-842300,0,15.47
2026-07-08T01:48:42.866243,TX-5268523E,ACC-874001,ACC-151683,864099.94,NEFT,Hyderabad,DEV-71C571,0,25.66
2026-07-06T11:41:42.866243,TX-0BB235F4,ACC-167475,ACC-907374,253728.11,UPI,Hyderabad,DEV-681A9F,0,13.32
2026-07-09T09:25:42.866243,TX-09DD3172,ACC-511775,ACC-960088,907778.08,UPI,Pune,DEV-B5374A,0,75.54
2026-07-08T14:36:42.866243,TX-76641F31,ACC-143619,ACC-967988,621216.38,UPI,Singapore,DEV-5CF0E4,0,78.54
2026-07-05T09:33:42.866243,TX-A43D2E59,ACC-552485,ACC-833693,925267.78,Mobile Banking,Kolkata,DEV-922111,0,34.03
2026-07-06T13:14:42.866243,TX-D9B0DB0D,ACC-463972,ACC-629406,814034.54,NEFT,Pune,DEV-547743,0,21.04
2026-07-07T02:41:42.866243,TX-B7E0962B,ACC-818714,ACC-936562,713186.73,Mobile Banking,Hyderabad,DEV-6C0F67,0,31.32
2026-07-09T06:56:42.866243,TX-A3E4E2CF,ACC-507185,ACC-671287,239783.84,UPI,Mumbai,DEV-0CA765,0,28.37
2026-07-08T05:02:42.866243,TX-2FD8ADFA,ACC-537376,ACC-980871,242225.78,IMPS,New York,DEV-494998,0,10.12
2026-07-06T05:29:42.866243,TX-8908E6F4,ACC-983595,ACC-391545,904105.93,NEFT,Singapore,DEV-421192,0,34.91
2026-07-09T17:49:42.866243,TX-15A3565C,ACC-408506,ACC-783510,122973.89,NEFT,Hyderabad,DEV-6395D6,0,23.4
2026-07-10T13:13:42.866243,TX-672EE5A2,ACC-217622,ACC-236601,71079.51,NEFT,New York,DEV-C2E9D5,0,26.12
2026-07-06T21:50:42.866243,TX-6ECA9A0A,ACC-144862,ACC-707167,113971.36,IMPS,Hyderabad,DEV-546D32,0,14.45
2026-07-06T02:31:42.866243,TX-A26CD091,ACC-363422,ACC-508011,306734.18,IMPS,Singapore,DEV-3D2B38,0,28.44
2026-07-06T02:50:42.866243,TX-4883245E,ACC-316895,ACC-769532,754397.1,Credit Card,Hyderabad,DEV-894270,0,16.39
2026-07-06T14:44:42.866243,TX-6D129145,ACC-139050,ACC-945996,425183.37,Credit Card,Kolkata,DEV-797505,0,25.33
2026-07-08T09:18:42.866243,TX-903F16B5,ACC-165204,ACC-492469,374498.48,IMPS,Bengaluru,DEV-9992F6,0,25.16
2026-07-06T03:51:42.866243,TX-64A9585A,ACC-794482,ACC-547095,833434.57,Credit Card,Kolkata,DEV-B536D1,0,12.71
2026-07-08T02:24:42.866243,TX-15E6AF9C,ACC-982474,ACC-153756,73979.47,NEFT,Kolkata,DEV-D73EA0,0,17.69
2026-07-08T08:41:42.866243,TX-C7F72BF0,ACC-521193,ACC-275435,239159.24,Credit Card,Singapore,DEV-9CA826,0,13.65
2026-07-08T05:12:42.866243,TX-F6243158,ACC-994251,ACC-245956,374742.51,Internet Banking,Hyderabad,DEV-091C49,0,6.55
2026-07-06T02:48:42.866243,TX-687F1B4A,ACC-675173,ACC-390051,632174.56,RTGS,Kolkata,DEV-F0C287,0,9.35
2026-07-08T07:48:42.866243,TX-13FEDA44,ACC-125607,ACC-713426,707068.22,NEFT,Hyderabad,DEV-8A4117,0,19.81
2026-07-09T02:10:42.866243,TX-FF7F5CAA,ACC-329494,ACC-583556,968260.26,Internet Banking,Pune,DEV-E3DDCA,0,33.47
2026-07-08T03:25:42.866243,TX-FE6B7E5F,ACC-253074,ACC-320471,375505.07,Mobile Banking,Delhi,DEV-0391E6,0,27.01
2026-07-06T06:42:42.866243,TX-52DA5E42,ACC-366979,ACC-550743,595401.7,RTGS,Singapore,DEV-1526D0,0,13.66
2026-07-09T22:51:42.866243,TX-18437B67,ACC-750025,ACC-477946,210717.3,ATM,Mumbai,DEV-9D1C5C,0,15.76
2026-07-09T22:40:42.866243,TX-AD37B605,ACC-643423,ACC-591340,268225.85,NEFT,New York,DEV-C95494,0,30.69
2026-07-07T17:33:42.866243,TX-FE3A8040,ACC-688847,ACC-682864,288846.75,Internet Banking,Mumbai,DEV-D003FA,0,9.14
2026-07-11T10:46:42.866243,TX-BE3D4C1A,ACC-558723,ACC-371137,696757.02,Mobile Banking,Mumbai,DEV-50114B,0,19.74
2026-07-05T10:51:42.866243,TX-8C343CDC,ACC-890282,ACC-995253,656398.67,ATM,London,DEV-9F106A,0,63.6
2026-07-05T09:25:42.866243,TX-AF71F5D1,ACC-663457,ACC-376041,230199.64,Credit Card,Kolkata,DEV-E5119A,0,6.51
2026-07-07T10:28:42.866243,TX-7FDF4087,ACC-738375,ACC-646716,87472.08,Mobile Banking,Singapore,DEV-4A6E36,0,7.57
2026-07-09T07:21:42.866243,TX-EF42B2DF,ACC-738099,ACC-726197,436150.82,ATM,Singapore,DEV-344F44,0,5.14
2026-07-06T22:24:42.866243,TX-7427E323,ACC-134215,ACC-435028,948860.34,ATM,New York,DEV-36204C,0,7.21
2026-07-11T05:53:42.866243,TX-4F461EDF,ACC-230263,ACC-838698,224223.62,UPI,Pune,DEV-B0089E,0,20.25
2026-07-09T06:16:42.866243,TX-84C81ECC,ACC-806900,ACC-179068,663514.7,ATM,Mumbai,DEV-FE9C6F,0,10.04
2026-07-07T14:43:42.866243,TX-0747BA07,ACC-239143,ACC-485172,914138.03,Mobile Banking,New York,DEV-88A2D5,0,27.79
2026-07-08T19:50:42.866243,TX-04A7EAA3,ACC-337746,ACC-752623,20614.65,RTGS,Hyderabad,DEV-95E675,0,28.61
2026-07-06T17:41:42.866243,TX-76FC4FE7,ACC-395212,ACC-475228,813041.52,Credit Card,Bengaluru,DEV-A77962,1,80.09
2026-07-06T23:15:42.866243,TX-2DA46108,ACC-215461,ACC-592768,60504.38,IMPS,Mumbai,DEV-A310ED,0,30.28
2026-07-08T08:41:42.866243,TX-E9E31A16,ACC-464618,ACC-934157,751076.48,NEFT,Kolkata,DEV-0F1943,0,9.06
2026-07-08T02:21:42.866243,TX-3C80F680,ACC-901058,ACC-263657,199333.12,NEFT,Pune,DEV-F3CE96,0,20.5
2026-07-10T04:15:42.866243,TX-67AF2B79,ACC-289754,ACC-119778,519880.59,Internet Banking,Hyderabad,DEV-390B8E,0,18.25
2026-07-09T12:19:42.866243,TX-136A1FB4,ACC-728059,ACC-717044,697726.94,RTGS,Bengaluru,DEV-9BF75B,0,7.37
2026-07-10T23:40:42.866243,TX-F8C80CB9,ACC-893066,ACC-112610,477129.77,Mobile Banking,London,DEV-E88D73,0,20.88
2026-07-04T23:08:42.866243,TX-71A58259,ACC-253461,ACC-360202,871744.09,NEFT,Bengaluru,DEV-CE2F18,0,26.12
2026-07-09T22:01:42.866243,TX-0BD5459B,ACC-764375,ACC-137497,494761.03,RTGS,Bengaluru,DEV-3909C2,0,28.37
2026-07-05T23:23:42.866243,TX-D50E1962,ACC-802538,ACC-717976,599994.48,Credit Card,New York,DEV-221DB2,0,21.29
2026-07-10T14:14:42.866243,TX-9D50EB2B,ACC-668865,ACC-493172,585866.17,Credit Card,Delhi,DEV-A43C56,0,33.55
2026-07-07T03:39:42.866243,TX-32C557C6,ACC-557007,ACC-363896,588919.71,NEFT,Singapore,DEV-3782FD,0,17.97
2026-07-05T19:57:42.866243,TX-055E1087,ACC-859768,ACC-684550,138854.13,Mobile Banking,Pune,DEV-25D9EC,0,17.21
2026-07-07T03:56:42.866243,TX-6775E019,ACC-683922,ACC-522909,408459.4,Internet Banking,Pune,DEV-A853E9,0,28.81
2026-07-10T03:46:42.866243,TX-A43A6D10,ACC-375491,ACC-462963,597632.12,NEFT,New York,DEV-9C0D08,0,20.06
2026-07-06T02:39:42.866243,TX-CC81574E,ACC-838248,ACC-505607,975399.29,Mobile Banking,Delhi,DEV-FC7B2F,0,26.65
2026-07-08T12:55:42.866243,TX-B4AAD0DA,ACC-889501,ACC-475099,549571.05,NEFT,Pune,DEV-03E29F,0,20.99
2026-07-11T11:10:42.866243,TX-C5B7FF23,ACC-361928,ACC-610791,475562.62,RTGS,Mumbai,DEV-C8B818,0,15.29
2026-07-08T16:28:42.866243,TX-641AE79A,ACC-203031,ACC-775376,613775.25,Internet Banking,London,DEV-989ED9,0,14.26
2026-07-10T02:22:42.866243,TX-FDBE1C3D,ACC-637287,ACC-753821,510315.12,Internet Banking,London,DEV-BDF6E8,0,29.75
2026-07-06T09:34:42.866243,TX-2633BD65,ACC-112062,ACC-432927,981493.63,ATM,Mumbai,DEV-C0DEB8,0,18.08
2026-07-07T05:01:42.866243,TX-331A4751,ACC-754507,ACC-483022,539395.19,Mobile Banking,Bengaluru,DEV-58B7CE,0,19.81
2026-07-05T09:40:42.866243,TX-CBEBE88A,ACC-172042,ACC-742574,725175.83,NEFT,Singapore,DEV-4D3748,0,29.43
2026-07-05T13:13:42.866243,TX-F12DCC3A,ACC-137721,ACC-837694,832145.68,NEFT,Mumbai,DEV-86CA03,0,23.12
2026-07-06T02:15:42.866243,TX-6F54EE84,ACC-652548,ACC-836598,479589.75,Internet Banking,London,DEV-4EF8B4,0,7.82
2026-07-08T10:08:42.866243,TX-85C0EEE0,ACC-533716,ACC-506573,826523.12,Credit Card,New York,DEV-A1CC98,0,25.19
2026-07-07T14:38:42.866243,TX-24FE1D6F,ACC-996843,ACC-661941,725412.54,UPI,Pune,DEV-84DEA6,0,7.44
2026-07-06T19:05:42.866243,TX-3BC895D8,ACC-184608,ACC-603936,317519.78,Mobile Banking,London,DEV-1EE122,0,12.15
2026-07-09T03:03:42.866243,TX-C7FD4D10,ACC-509975,ACC-716868,236033.97,Internet Banking,Delhi,DEV-8BBEA1,0,7.43
2026-07-05T03:50:42.866243,TX-18DC746E,ACC-838391,ACC-163038,247210.11,RTGS,Hyderabad,DEV-F2473E,0,27.24
2026-07-11T13:52:42.866243,TX-92740DEF,ACC-323021,ACC-296702,64133.65,IMPS,Mumbai,DEV-4EE917,0,9.46
2026-07-11T12:42:42.866243,TX-3BEB2AC0,ACC-651663,ACC-659843,484885.95,IMPS,Hyderabad,DEV-6972F5,0,8.37
2026-07-10T19:47:42.866243,TX-7DE8515C,ACC-429142,ACC-365782,292268.22,NEFT,Mumbai,DEV-DECA60,0,25.11
2026-07-10T08:02:42.866243,TX-CAF44703,ACC-282744,ACC-597280,415209.58,Mobile Banking,Hyderabad,DEV-4C5AA9,0,33.91
2026-07-05T17:49:42.866243,TX-C55C9BBA,ACC-145767,ACC-606992,418571.26,ATM,London,DEV-7A01F2,0,22.23
2026-07-08T17:09:42.866243,TX-9A5FA8D9,ACC-444946,ACC-355738,396570.19,Credit Card,Delhi,DEV-7CADB1,0,32.97
2026-07-05T16:16:42.866243,TX-CB36D0A9,ACC-766698,ACC-593223,418908.36,ATM,Delhi,DEV-0B4A37,0,34.09
2026-07-09T12:21:42.866243,TX-C22DD016,ACC-467748,ACC-479576,694267.61,NEFT,Delhi,DEV-A582C4,0,13.54
2026-07-06T11:58:42.866243,TX-BC7CA74A,ACC-800825,ACC-817187,29775.07,RTGS,Pune,DEV-E8CC10,0,7.62
2026-07-11T05:31:42.866243,TX-F623F83F,ACC-250956,ACC-616658,370337.67,NEFT,Delhi,DEV-6ECF05,0,24.92
2026-07-10T07:13:42.866243,TX-1E761531,ACC-290520,ACC-674975,814182.38,Credit Card,Delhi,DEV-49508C,0,18.88
2026-07-06T10:25:42.866243,TX-60FF4309,ACC-836548,ACC-168516,634501.05,Internet Banking,New York,DEV-F40127,0,68.77
2026-07-09T11:49:42.866243,TX-944554E2,ACC-920086,ACC-115132,424380.34,RTGS,Mumbai,DEV-C837D9,0,18.49
2026-07-09T07:45:42.866243,TX-1E373A5E,ACC-671989,ACC-626423,263713.59,RTGS,Pune,DEV-87AA45,0,11.86
2026-07-10T04:08:42.866243,TX-272032D6,ACC-104761,ACC-102066,850203.01,Internet Banking,Pune,DEV-EF30E2,0,33.26
2026-07-09T14:57:42.866243,TX-F9DB49F8,ACC-477994,ACC-479429,764568.39,UPI,New York,DEV-E7860E,0,23.8
2026-07-11T04:03:42.866243,TX-6A748F9D,ACC-587437,ACC-761082,76008.36,Credit Card,New York,DEV-2E66E3,0,17.91
2026-07-10T17:54:42.866243,TX-0B236E65,ACC-404538,ACC-701468,635461.69,UPI,Hyderabad,DEV-EF4289,0,11.71
2026-07-06T01:00:42.866243,TX-060CEDA4,ACC-342040,ACC-942903,191158.02,Credit Card,Delhi,DEV-EB31E7,0,32.95
2026-07-06T08:40:42.866243,TX-5F22CB4E,ACC-313134,ACC-907411,663031.07,ATM,Kolkata,DEV-00462F,0,34.3
2026-07-09T19:16:42.866243,TX-CACB3E94,ACC-469280,ACC-599185,246017.46,Mobile Banking,New York,DEV-A55836,0,5.93
2026-07-09T05:37:42.866243,TX-3A6EE4AB,ACC-334902,ACC-747107,410955.47,Credit Card,New York,DEV-BECC7F,0,25.44
2026-07-09T08:57:42.866243,TX-46AADAC3,ACC-532776,ACC-203699,414275.08,Internet Banking,Pune,DEV-41C6B6,0,29.34
2026-07-07T15:03:42.866243,TX-F718A5A1,ACC-436908,ACC-980376,209488.66,Credit Card,New York,DEV-ADFD4A,0,16.86
2026-07-10T00:52:42.866243,TX-307A1905,ACC-714598,ACC-129747,932954.52,NEFT,Singapore,DEV-654C80,0,26.37
2026-07-10T22:58:42.866243,TX-D85F7F1B,ACC-457671,ACC-371630,663592.24,ATM,New York,DEV-3208D6,0,26.41
2026-07-07T18:20:42.866243,TX-90401572,ACC-844200,ACC-188516,471348.65,Mobile Banking,New York,DEV-B6A419,0,9.51
2026-07-08T12:11:42.866243,TX-9FF767A8,ACC-845470,ACC-390133,353161.93,Internet Banking,Hyderabad,DEV-3C5957,0,7.57
2026-07-08T09:24:42.866243,TX-FCC4260D,ACC-434234,ACC-826988,965541.27,Internet Banking,Singapore,DEV-309291,1,85.39
2026-07-10T04:51:42.866243,TX-01B2A941,ACC-358581,ACC-400753,749420.24,NEFT,Mumbai,DEV-6AD16A,0,11.6
2026-07-11T22:12:42.866243,TX-31DFBFF9,ACC-268954,ACC-824531,775569.65,ATM,Singapore,DEV-B191FD,0,33.74
2026-07-08T09:57:42.866243,TX-5102042F,ACC-641561,ACC-720441,154995.64,Internet Banking,New York,DEV-BB4FA4,0,63.21
2026-07-07T00:49:42.866243,TX-6DB32DF2,ACC-339706,ACC-358741,380435.49,UPI,Pune,DEV-6A2B11,0,24.72
2026-07-05T07:32:42.866243,TX-386B82FB,ACC-934255,ACC-182632,903711.55,Credit Card,Mumbai,DEV-0DA949,0,5.63
2026-07-09T08:22:42.866243,TX-EAE945E5,ACC-654927,ACC-145973,97522.61,Mobile Banking,London,DEV-FBE329,0,71.26
2026-07-06T10:17:42.866243,TX-0B106225,ACC-357046,ACC-456305,713038.6,UPI,Pune,DEV-AA068F,0,7.26
2026-07-07T08:32:42.866243,TX-4C36E688,ACC-697253,ACC-262234,495104.03,IMPS,Bengaluru,DEV-58753F,0,22.0
2026-07-07T22:27:42.866243,TX-06DDE2A2,ACC-905187,ACC-971641,806332.11,Internet Banking,Bengaluru,DEV-FA67D1,0,28.18
2026-07-10T00:04:42.866243,TX-1BA60141,ACC-161623,ACC-595864,720569.09,RTGS,Singapore,DEV-F808C1,0,24.81
2026-07-08T12:47:42.866243,TX-2665027F,ACC-180397,ACC-350101,943618.53,Mobile Banking,Mumbai,DEV-5E324F,0,34.11
2026-07-09T18:35:42.866243,TX-FAD11AD1,ACC-325680,ACC-224248,419978.87,UPI,Pune,DEV-F24D9A,0,16.22
2026-07-05T15:15:42.866243,TX-F9DC29CA,ACC-800327,ACC-294311,311676.96,NEFT,Delhi,DEV-D96A7C,0,23.55
2026-07-08T13:34:42.866243,TX-D535C618,ACC-740839,ACC-418085,487097.19,ATM,Hyderabad,DEV-E5E9E5,0,11.45
2026-07-07T01:19:42.866243,TX-5264EE7F,ACC-173657,ACC-446016,492744.17,UPI,Mumbai,DEV-22AA09,0,6.2
2026-07-08T03:25:42.866243,TX-A30E0740,ACC-339289,ACC-606610,609672.34,Credit Card,Bengaluru,DEV-83A0EC,0,33.79
2026-07-08T15:47:42.866243,TX-228F5349,ACC-342541,ACC-747439,266204.47,UPI,Bengaluru,DEV-F13A56,0,5.61
2026-07-05T11:53:42.866243,TX-5A37F177,ACC-818299,ACC-808333,151723.76,Credit Card,Hyderabad,DEV-F7D717,0,22.68
2026-07-09T07:59:42.866243,TX-7ACCB6E8,ACC-408336,ACC-718432,331752.45,RTGS,Delhi,DEV-C52D87,0,26.99
2026-07-08T18:51:42.866243,TX-957CA29C,ACC-209400,ACC-533901,726794.73,ATM,Singapore,DEV-686EED,0,73.15
2026-07-07T12:26:42.866243,TX-01EA0307,ACC-690230,ACC-409980,926456.82,Credit Card,London,DEV-A6D517,0,86.08
2026-07-11T10:40:42.866243,TX-62FEB9AD,ACC-686868,ACC-316492,531328.44,IMPS,London,DEV-71DDB2,0,27.45
2026-07-05T03:30:42.866243,TX-57962846,ACC-461102,ACC-396497,865168.71,ATM,Singapore,DEV-04CEEA,0,31.64
2026-07-07T12:23:42.866243,TX-D538AD76,ACC-593598,ACC-950048,733891.74,NEFT,Singapore,DEV-0F8DED,0,9.6
2026-07-09T12:46:42.866243,TX-04BA10CF,ACC-561661,ACC-968612,542829.3,Internet Banking,Hyderabad,DEV-80F430,0,7.75
2026-07-09T10:13:42.866243,TX-4CE3F67C,ACC-948753,ACC-117504,644327.92,NEFT,Hyderabad,DEV-A4765C,0,32.94
2026-07-09T21:18:42.866243,TX-2F5ACC61,ACC-237384,ACC-562215,708468.74,Mobile Banking,Hyderabad,DEV-8DE18A,0,13.7
2026-07-09T14:54:42.866243,TX-B4DDB4AC,ACC-694611,ACC-928202,336625.84,Credit Card,Kolkata,DEV-17A659,0,34.24
2026-07-11T21:52:42.866243,TX-55051C89,ACC-953652,ACC-274955,868386.71,UPI,Pune,DEV-59D2C1,0,28.27
2026-07-09T08:00:42.866243,TX-6F9744A1,ACC-250747,ACC-323936,548451.12,RTGS,Mumbai,DEV-C2D7EF,0,24.36
2026-07-11T16:41:42.866243,TX-288D9C06,ACC-157696,ACC-743464,252132.86,ATM,Delhi,DEV-E2E948,0,23.93
2026-07-10T06:12:42.866243,TX-211ADF2C,ACC-177030,ACC-907266,180014.36,ATM,Mumbai,DEV-629FC8,0,18.07
2026-07-10T07:36:42.866243,TX-CC7F4454,ACC-307319,ACC-485829,708750.39,Credit Card,Singapore,DEV-30FBB5,0,68.34
2026-07-10T04:07:42.866243,TX-8F5FFDB7,ACC-910721,ACC-753574,577069.27,RTGS,New York,DEV-FF1EC7,0,28.85
2026-07-10T22:13:42.866243,TX-04E040E5,ACC-503375,ACC-153889,85033.12,Internet Banking,Pune,DEV-5135C4,0,6.98
2026-07-06T11:04:42.866243,TX-91172704,ACC-733090,ACC-453159,1736.14,RTGS,Mumbai,DEV-737672,0,21.54
2026-07-11T03:09:42.866243,TX-C95DFF30,ACC-894654,ACC-440790,123163.14,IMPS,Bengaluru,DEV-77C5D5,0,5.04
2026-07-07T11:41:42.866243,TX-20E5133A,ACC-574221,ACC-683922,719071.09,Credit Card,Singapore,DEV-49DD0F,0,72.01
2026-07-08T13:52:42.866243,TX-74E3B611,ACC-323202,ACC-589000,415928.44,ATM,Singapore,DEV-43D05A,0,6.46
2026-07-05T05:32:42.866243,TX-F8AAC06C,ACC-227514,ACC-763770,816327.1,ATM,Delhi,DEV-8E7FEB,0,19.18
2026-07-10T15:30:42.866243,TX-291E9982,ACC-459061,ACC-462066,629291.0,Credit Card,Bengaluru,DEV-6BED2B,0,31.82
2026-07-05T19:11:42.866243,TX-CC731B97,ACC-508632,ACC-506996,413806.48,Internet Banking,Mumbai,DEV-932148,0,8.49
2026-07-05T15:29:42.866243,TX-3469BE36,ACC-323752,ACC-303498,722453.07,ATM,Delhi,DEV-B8D150,0,18.63
2026-07-05T22:22:42.866243,TX-F694C2F9,ACC-143675,ACC-947225,575214.75,NEFT,London,DEV-9F5A51,0,77.15
2026-07-06T22:24:42.866243,TX-11BF85D2,ACC-819474,ACC-337652,18386.4,RTGS,Hyderabad,DEV-067EBB,0,14.04
2026-07-05T23:36:42.866243,TX-C854FFFF,ACC-930300,ACC-720859,764850.27,Internet Banking,Kolkata,DEV-8B8025,0,20.93
2026-07-11T05:33:42.866243,TX-01367193,ACC-669719,ACC-612509,102612.92,ATM,New York,DEV-C82AF2,0,30.04
2026-07-07T05:05:42.866243,TX-EBC3FE62,ACC-840123,ACC-265787,5034.28,IMPS,London,DEV-574014,0,13.8
2026-07-09T07:46:42.866243,TX-34E20DE9,ACC-120551,ACC-986687,201092.18,RTGS,Bengaluru,DEV-6984E7,0,15.27
2026-07-10T21:50:42.866243,TX-2225E3D7,ACC-944182,ACC-400423,577479.97,ATM,Pune,DEV-BE7FDA,0,20.43
2026-07-11T22:23:42.866243,TX-531DE2D5,ACC-454408,ACC-986382,825564.68,RTGS,Delhi,DEV-86CD35,0,18.57
2026-07-06T06:18:42.866243,TX-57903305,ACC-140808,ACC-698205,449566.29,UPI,London,DEV-0B8BE2,0,5.12
2026-07-07T15:36:42.866243,TX-53346465,ACC-358883,ACC-215359,541726.35,ATM,Mumbai,DEV-845100,0,30.24
2026-07-08T16:11:42.866243,TX-AEEE0655,ACC-112823,ACC-232961,236897.02,RTGS,Mumbai,DEV-8778E7,0,8.15
2026-07-07T12:05:42.866243,TX-0E0502BF,ACC-671190,ACC-315650,240173.42,RTGS,Bengaluru,DEV-30B887,0,18.1
2026-07-09T23:16:42.866243,TX-DBF56254,ACC-762174,ACC-473923,243612.54,Internet Banking,Mumbai,DEV-A17311,0,8.09
2026-07-06T08:45:42.866243,TX-FF95C057,ACC-108027,ACC-853323,471954.74,Internet Banking,London,DEV-F74615,0,16.27
2026-07-06T20:51:42.866243,TX-4B414249,ACC-453621,ACC-270321,295955.59,RTGS,Singapore,DEV-8C3AC7,0,23.81
2026-07-09T14:27:42.866243,TX-E0CDAEE6,ACC-511241,ACC-708110,461265.31,IMPS,Bengaluru,DEV-062F06,0,15.23
2026-07-07T20:59:42.866243,TX-E768B0C4,ACC-449182,ACC-173777,438890.11,UPI,Mumbai,DEV-39AA12,0,25.88
2026-07-07T10:37:42.866243,TX-EF2C6A8C,ACC-419908,ACC-261402,116720.09,ATM,London,DEV-031948,0,31.87
2026-07-11T08:48:42.866243,TX-AF090D3B,ACC-104512,ACC-985437,62159.64,UPI,New York,DEV-C15D80,0,33.66
2026-07-11T11:37:42.866243,TX-3FFB394F,ACC-517249,ACC-684830,359070.05,UPI,Delhi,DEV-A1037E,0,11.81
2026-07-08T12:43:42.866243,TX-A616CDDA,ACC-829435,ACC-891241,251275.91,RTGS,Bengaluru,DEV-06FA92,0,11.94
2026-07-10T21:46:42.866243,TX-59CF24C7,ACC-171145,ACC-180667,32934.56,RTGS,Hyderabad,DEV-077B97,0,24.09
2026-07-07T07:19:42.866243,TX-06922758,ACC-409040,ACC-737311,442188.09,UPI,Singapore,DEV-5847F8,0,25.05
2026-07-11T02:24:42.866243,TX-3F0E2607,ACC-379288,ACC-707153,258778.24,Internet Banking,Bengaluru,DEV-BBE0F0,0,14.0
2026-07-10T07:43:42.866243,TX-3EDC2A4F,ACC-990652,ACC-326138,61556.1,NEFT,Mumbai,DEV-37540B,0,34.42
2026-07-07T08:50:42.866243,TX-DA4EBC68,ACC-356683,ACC-676191,772249.3,NEFT,Kolkata,DEV-B296D2,0,7.71
2026-07-08T01:34:42.866243,TX-336A654F,ACC-627060,ACC-581265,620528.43,IMPS,Pune,DEV-76EB70,0,13.53
2026-07-11T03:13:42.866243,TX-D997FC9D,ACC-273189,ACC-144537,566645.28,Mobile Banking,Delhi,DEV-7D2D59,0,30.91
2026-07-06T09:20:42.866243,TX-2E87A231,ACC-593520,ACC-388419,901066.98,RTGS,Bengaluru,DEV-F63A1F,0,73.46
2026-07-09T23:10:42.866243,TX-B9CA0105,ACC-909484,ACC-656237,798147.85,NEFT,Bengaluru,DEV-F0FF1A,0,13.06
2026-07-11T01:51:42.866243,TX-A3F1B5CC,ACC-995522,ACC-123094,472354.64,ATM,Bengaluru,DEV-31A05C,0,27.67
2026-07-11T17:56:42.866243,TX-C2A608EE,ACC-389363,ACC-705294,729429.31,ATM,Kolkata,DEV-6CD87E,0,34.48
2026-07-11T16:09:42.866243,TX-41319D80,ACC-519200,ACC-405282,197350.2,Mobile Banking,Bengaluru,DEV-89CAD4,0,30.26
2026-07-07T08:56:42.866243,TX-5927DE0C,ACC-709375,ACC-129129,845544.5,ATM,Singapore,DEV-647FBC,0,20.26
2026-07-05T22:44:42.866243,TX-9D7EB325,ACC-388833,ACC-570127,47133.64,Mobile Banking,Bengaluru,DEV-DD55DD,0,9.54
2026-07-10T00:36:42.866243,TX-034647D6,ACC-936244,ACC-295074,474732.77,UPI,Bengaluru,DEV-72B061,0,33.56
2026-07-11T00:45:42.866243,TX-022BB1EE,ACC-415633,ACC-103414,992519.96,ATM,Singapore,DEV-F2F3C9,0,23.02
2026-07-10T15:21:42.866243,TX-D84AF44C,ACC-414592,ACC-874839,177663.71,RTGS,Bengaluru,DEV-86C48E,0,13.53
2026-07-06T12:03:42.866243,TX-27E80593,ACC-502433,ACC-859290,983117.39,NEFT,Bengaluru,DEV-0C8ED2,0,29.08
2026-07-11T04:00:42.866243,TX-B9F2358A,ACC-508695,ACC-806153,396473.6,Credit Card,Pune,DEV-5B74E4,0,16.56
2026-07-06T23:01:42.866243,TX-4E3EBFBC,ACC-759353,ACC-934499,993731.76,IMPS,Hyderabad,DEV-1ECB2E,0,8.84
2026-07-11T11:30:42.866243,TX-66530B34,ACC-821718,ACC-171080,285094.77,ATM,Delhi,DEV-3315C7,0,25.52
2026-07-05T19:22:42.866243,TX-19604ECD,ACC-826795,ACC-901050,950246.63,Internet Banking,Hyderabad,DEV-AA2EDA,0,18.74
2026-07-05T03:50:42.866243,TX-EBDB6C21,ACC-790874,ACC-141401,253649.49,ATM,London,DEV-7E17DC,0,22.38
2026-07-05T07:28:42.866243,TX-E1BC9BE3,ACC-570148,ACC-179970,61138.12,RTGS,Pune,DEV-94E0B7,0,22.0
2026-07-05T15:57:42.866243,TX-2F4292A4,ACC-962621,ACC-119193,633831.3,RTGS,Pune,DEV-090F6A,0,6.51
2026-07-10T16:55:42.866243,TX-2ED2CE11,ACC-383594,ACC-611195,927248.94,Credit Card,Pune,DEV-E51E51,0,6.58
2026-07-07T18:33:42.866243,TX-3F80B2B2,ACC-842939,ACC-999561,473135.21,ATM,Bengaluru,DEV-C37583,0,20.97
2026-07-07T18:19:42.866243,TX-4E0DB945,ACC-781478,ACC-748174,446156.45,NEFT,Pune,DEV-A8B322,0,9.0
2026-07-06T02:35:42.866243,TX-7BC2698E,ACC-975725,ACC-382284,651561.83,RTGS,Hyderabad,DEV-B81053,0,25.69
2026-07-05T22:27:42.866243,TX-55BCB2B0,ACC-384088,ACC-317774,141053.75,RTGS,Delhi,DEV-BA1468,0,34.85
2026-07-05T14:39:42.866243,TX-7C18C27C,ACC-230475,ACC-430368,711571.2,UPI,New York,DEV-A65AFC,0,18.26
2026-07-11T05:21:42.866243,TX-89ED593B,ACC-170353,ACC-623292,128475.18,Internet Banking,Singapore,DEV-32F516,0,25.78
2026-07-11T20:03:42.866243,TX-03260B2D,ACC-940575,ACC-737892,20932.26,Mobile Banking,Bengaluru,DEV-C1734E,0,34.28
2026-07-05T10:02:42.866243,TX-4F958788,ACC-986655,ACC-714880,863121.37,Mobile Banking,Singapore,DEV-A276DE,0,19.81
2026-07-08T17:01:42.866243,TX-A7230664,ACC-990941,ACC-751983,514889.84,Internet Banking,London,DEV-A34A11,0,9.24
2026-07-07T01:19:42.866243,TX-18402AFB,ACC-822440,ACC-906086,754576.62,Mobile Banking,Kolkata,DEV-D6BD5D,0,26.32
2026-07-10T05:32:42.866243,TX-79C0CCF9,ACC-218932,ACC-500783,655944.33,UPI,Singapore,DEV-228C4B,0,33.56
2026-07-11T20:46:42.866243,TX-5C4FA46E,ACC-951420,ACC-154558,72094.5,UPI,Bengaluru,DEV-6190D1,0,33.8
2026-07-11T16:12:42.866243,TX-CEC04B6E,ACC-299810,ACC-685614,933487.5,Mobile Banking,London,DEV-AE9B45,0,26.17
2026-07-08T12:38:42.866243,TX-E9482C14,ACC-117515,ACC-590396,613272.04,ATM,Mumbai,DEV-FF3168,0,9.05
2026-07-08T18:07:42.866243,TX-5326DC41,ACC-697067,ACC-795546,438444.62,IMPS,New York,DEV-D85A69,0,27.85
2026-07-06T02:05:42.866243,TX-947B0EBB,ACC-934881,ACC-585686,879193.02,ATM,Pune,DEV-0BCD98,0,15.91
2026-07-07T20:40:42.866243,TX-889F2AF6,ACC-302260,ACC-824832,259600.49,ATM,Bengaluru,DEV-8D3CB0,0,19.43
2026-07-11T00:48:42.866243,TX-862690AB,ACC-592682,ACC-296422,342358.06,UPI,Kolkata,DEV-386D46,0,16.06
2026-07-10T07:34:42.866243,TX-2A5F0E22,ACC-189752,ACC-831073,319646.63,Credit Card,Bengaluru,DEV-4F6B1D,0,7.68
2026-07-06T10:20:42.866243,TX-F790F9DD,ACC-835497,ACC-747360,178002.99,IMPS,Bengaluru,DEV-4080D8,0,26.23
2026-07-11T22:00:42.866243,TX-880076FC,ACC-261949,ACC-739006,784899.58,Mobile Banking,Mumbai,DEV-9FA2BD,0,5.82
2026-07-07T02:40:42.866243,TX-4B747807,ACC-336515,ACC-318272,280427.83,RTGS,London,DEV-FE14E0,0,34.53
2026-07-10T20:22:42.866243,TX-96F5C7CC,ACC-651782,ACC-228886,925643.73,Internet Banking,Singapore,DEV-FD3DC6,0,14.73
2026-07-07T14:20:42.866243,TX-94BE1CAB,ACC-971962,ACC-796756,131604.79,IMPS,Singapore,DEV-743971,0,9.1
2026-07-10T16:06:42.866243,TX-3E0A0521,ACC-528309,ACC-881412,665200.46,Internet Banking,London,DEV-500B27,0,13.73
2026-07-09T01:12:42.866243,TX-7F95CD38,ACC-831402,ACC-455639,786933.89,ATM,Delhi,DEV-26A939,0,26.24
2026-07-07T05:47:42.866243,TX-BD8ECE89,ACC-667223,ACC-955754,975077.13,RTGS,Bengaluru,DEV-588766,0,34.57
2026-07-10T17:48:42.866243,TX-DCA24DE8,ACC-634766,ACC-842539,141923.76,Credit Card,Pune,DEV-2F0711,0,26.24
2026-07-08T10:25:42.866243,TX-A35D0C52,ACC-526024,ACC-461993,9435.24,NEFT,Mumbai,DEV-C53B48,0,23.74
2026-07-08T09:37:42.866243,TX-E693798F,ACC-181366,ACC-212800,672022.53,Internet Banking,Singapore,DEV-767AA6,0,77.4
2026-07-08T20:11:42.866243,TX-638A7302,ACC-678459,ACC-493850,706723.98,RTGS,Pune,DEV-F59F85,0,30.67
2026-07-05T23:54:42.866243,TX-2DAC1F8C,ACC-917582,ACC-917165,629496.98,NEFT,London,DEV-41A4B2,0,29.78
2026-07-06T08:19:42.866243,TX-343D99AD,ACC-443479,ACC-817417,786883.99,UPI,Pune,DEV-20167D,0,33.76
2026-07-11T04:35:42.866243,TX-A387C391,ACC-834768,ACC-958615,434538.64,NEFT,Pune,DEV-D93A44,0,18.95
2026-07-10T18:48:42.866243,TX-BD4018E8,ACC-819319,ACC-353574,819074.56,UPI,Hyderabad,DEV-E52D62,0,12.93
2026-07-11T07:10:42.866243,TX-D8D40783,ACC-994600,ACC-192587,689532.12,Internet Banking,Bengaluru,DEV-9F889C,0,13.84
2026-07-09T08:33:42.866243,TX-56BFF866,ACC-639507,ACC-984903,778419.72,IMPS,London,DEV-31042B,0,30.34
2026-07-06T03:05:42.866243,TX-92EAB4F4,ACC-614136,ACC-678794,761582.39,Mobile Banking,Pune,DEV-F24C4F,0,18.66
2026-07-05T04:48:42.866243,TX-95DDED8D,ACC-543157,ACC-870928,959204.39,IMPS,Bengaluru,DEV-5A6DDF,0,23.8
2026-07-07T12:41:42.866243,TX-D2BAD37F,ACC-249996,ACC-847682,624092.71,Mobile Banking,Kolkata,DEV-CB9320,0,34.74
2026-07-08T04:11:42.866243,TX-95C2604B,ACC-124431,ACC-527567,507278.17,Mobile Banking,London,DEV-55D5A9,0,19.67
2026-07-09T16:57:42.866243,TX-803BAE89,ACC-473861,ACC-240499,88476.74,IMPS,London,DEV-8E1832,0,22.33
2026-07-11T06:00:42.866243,TX-59B2EA3D,ACC-363894,ACC-535973,99747.57,IMPS,Delhi,DEV-BD24E4,0,10.62
2026-07-10T17:02:42.866243,TX-23EC2568,ACC-131688,ACC-656241,473949.24,NEFT,Kolkata,DEV-8E7BD8,0,33.86
2026-07-09T04:37:42.866243,TX-DB36EC31,ACC-402540,ACC-254137,768653.48,NEFT,Bengaluru,DEV-E0D1B5,0,15.96
2026-07-11T20:14:42.866243,TX-3ED35BEE,ACC-134446,ACC-376774,837686.67,NEFT,Mumbai,DEV-5B4601,0,14.51
2026-07-07T08:14:42.866243,TX-BB4003BB,ACC-600899,ACC-177016,620275.77,Internet Banking,London,DEV-4FF1F9,0,20.29
2026-07-06T15:51:42.866243,TX-E06C42DE,ACC-833859,ACC-750179,158052.39,UPI,Pune,DEV-DA3B59,0,33.34
2026-07-06T19:46:42.866243,TX-FFF2E5D0,ACC-818812,ACC-581541,42866.12,Mobile Banking,Kolkata,DEV-DFDE7C,0,25.21
2026-07-11T18:26:42.866243,TX-69BF0D3A,ACC-526412,ACC-485580,256079.13,ATM,Singapore,DEV-1F5402,0,32.37
2026-07-06T12:00:42.866243,TX-CC938DE8,ACC-890539,ACC-158873,276448.62,UPI,Hyderabad,DEV-7FAC4F,0,22.86
2026-07-08T03:59:42.866243,TX-E87F4FCE,ACC-997522,ACC-758983,232065.47,ATM,Hyderabad,DEV-E8D411,0,9.74
2026-07-06T14:26:42.866243,TX-35E90754,ACC-582714,ACC-100740,149834.78,IMPS,Bengaluru,DEV-5B60CB,0,11.53
2026-07-11T00:26:42.866243,TX-C86C721C,ACC-235775,ACC-115636,955783.21,ATM,Mumbai,DEV-2C3B5E,0,16.18
2026-07-08T14:06:42.866243,TX-42973C9A,ACC-819653,ACC-552464,39712.29,Mobile Banking,Singapore,DEV-5FBA5C,0,21.4
2026-07-07T23:11:42.866243,TX-011F25C7,ACC-671816,ACC-581641,146761.62,UPI,Kolkata,DEV-46C494,0,27.62
2026-07-05T23:58:42.866243,TX-49F51D23,ACC-971733,ACC-753797,453243.94,RTGS,Bengaluru,DEV-62FBD9,0,8.99
2026-07-06T19:56:42.866243,TX-E2B55C37,ACC-372840,ACC-221810,819221.72,RTGS,New York,DEV-F734EE,0,6.32
2026-07-08T11:30:42.866243,TX-068A6044,ACC-109437,ACC-695703,521482.74,ATM,New York,DEV-6F9EA3,0,17.18
2026-07-11T10:09:42.866243,TX-4AA7F22F,ACC-203998,ACC-839109,456657.96,Internet Banking,Mumbai,DEV-514378,0,5.44
2026-07-06T14:47:42.866243,TX-A9EE6CB1,ACC-745995,ACC-332267,27246.68,UPI,Kolkata,DEV-0E4C91,0,22.43
2026-07-06T19:28:42.866243,TX-DD6C85FE,ACC-883485,ACC-208990,183828.73,Credit Card,Bengaluru,DEV-07C9F6,0,26.81
2026-07-11T19:39:42.866243,TX-841B45EE,ACC-110056,ACC-329485,796246.77,ATM,London,DEV-EF7FA4,0,27.5
2026-07-09T15:02:42.866243,TX-3F45AC5E,ACC-587213,ACC-338734,964.73,IMPS,Mumbai,DEV-6502DD,0,5.23
2026-07-08T19:22:42.866243,TX-852032A4,ACC-715401,ACC-939813,38893.56,Credit Card,New York,DEV-599F01,0,18.43
2026-07-08T17:28:42.866243,TX-A6DCF2E8,ACC-872628,ACC-996345,80200.1,Internet Banking,Mumbai,DEV-E511DD,0,30.07
2026-07-08T14:31:42.866243,TX-90955264,ACC-331658,ACC-268871,525012.89,Mobile Banking,Kolkata,DEV-255EA6,0,17.51
2026-07-08T05:10:42.866243,TX-931A739C,ACC-115111,ACC-324142,571933.11,ATM,Bengaluru,DEV-7C3156,0,34.98
2026-07-05T09:33:42.866243,TX-0EDDCE49,ACC-213130,ACC-948143,431291.45,Internet Banking,Pune,DEV-43BEE4,0,24.22
2026-07-07T09:56:42.866243,TX-70DD4BCC,ACC-666409,ACC-407772,868189.02,UPI,Mumbai,DEV-F0162E,0,15.17
2026-07-05T04:57:42.866243,TX-4F43948C,ACC-669007,ACC-503648,107064.61,Internet Banking,Hyderabad,DEV-0A494E,0,32.73
2026-07-08T21:09:42.866243,TX-A365EC05,ACC-622866,ACC-802744,269387.44,Credit Card,Bengaluru,DEV-9EEF0B,0,5.21
2026-07-09T04:54:42.866243,TX-4BC093F0,ACC-394571,ACC-340401,80473.11,ATM,Mumbai,DEV-D3360A,0,7.3
2026-07-09T04:17:42.866243,TX-A2EFF5F5,ACC-944175,ACC-687258,345796.22,Credit Card,Pune,DEV-29025C,0,28.58
2026-07-09T19:43:42.866243,TX-2EC75420,ACC-316445,ACC-830565,897518.53,NEFT,Hyderabad,DEV-3E218C,1,82.95
2026-07-05T15:08:42.866243,TX-3BC3E1AD,ACC-630675,ACC-494545,91995.01,ATM,Pune,DEV-D0DC4E,0,14.05
2026-07-05T08:13:42.866243,TX-617EA4F7,ACC-299625,ACC-240249,695365.84,RTGS,Hyderabad,DEV-C7B8E9,0,22.93
2026-07-11T12:04:42.866243,TX-58DA0783,ACC-281814,ACC-908943,613340.19,ATM,Delhi,DEV-F316E5,0,32.53
2026-07-09T06:26:42.866243,TX-D20EB6BD,ACC-933415,ACC-299314,375120.08,Mobile Banking,Hyderabad,DEV-787507,0,21.42
2026-07-07T15:53:42.866243,TX-532E17BE,ACC-577818,ACC-212877,289498.61,Credit Card,Delhi,DEV-16EA06,0,22.99
2026-07-09T19:04:42.866243,TX-458F1111,ACC-908286,ACC-700815,232275.32,ATM,Delhi,DEV-C33FD4,0,30.78
2026-07-07T16:54:42.866243,TX-B7733B4E,ACC-973323,ACC-135681,652462.23,UPI,Bengaluru,DEV-A9CE7E,0,6.93
2026-07-06T19:16:42.866243,TX-C0915FA7,ACC-546515,ACC-254893,244664.92,ATM,Pune,DEV-CF4D80,0,33.98
2026-07-09T18:19:42.866243,TX-64465AE0,ACC-738834,ACC-394194,60200.31,RTGS,Pune,DEV-4A76DC,0,22.29
2026-07-11T20:48:42.866243,TX-91CAABEB,ACC-927976,ACC-530857,350633.59,NEFT,Hyderabad,DEV-C66E21,0,26.03
2026-07-06T07:41:42.866243,TX-2208EC2C,ACC-823597,ACC-948600,806009.48,UPI,Mumbai,DEV-E0D193,0,30.1
2026-07-06T16:03:42.866243,TX-B7D15265,ACC-678278,ACC-493405,772439.84,NEFT,New York,DEV-539147,0,9.24
2026-07-11T04:10:42.866243,TX-BE447D93,ACC-577277,ACC-952139,109507.31,IMPS,London,DEV-A0BE9F,0,24.95
2026-07-07T20:41:42.866243,TX-4A6AF43D,ACC-236861,ACC-862385,861048.69,Credit Card,Delhi,DEV-AE8E7D,0,13.43
2026-07-07T19:39:42.866243,TX-1E64095F,ACC-742249,ACC-685832,794059.62,ATM,Mumbai,DEV-D961AC,0,8.94
2026-07-07T00:46:42.866243,TX-8938DAF9,ACC-718482,ACC-687652,283865.37,IMPS,Pune,DEV-74C83E,0,23.52
2026-07-05T19:12:42.866243,TX-E09BD229,ACC-715300,ACC-142985,329753.26,Mobile Banking,Kolkata,DEV-C68AB0,0,29.91
2026-07-09T23:59:42.866243,TX-73211F07,ACC-504557,ACC-681694,66749.61,NEFT,Hyderabad,DEV-46F2BD,0,8.96
2026-07-07T21:22:42.866243,TX-915CFEC5,ACC-518450,ACC-947660,746205.96,ATM,Singapore,DEV-F14291,0,8.84
2026-07-10T17:23:42.866243,TX-98456CBE,ACC-378735,ACC-558347,99391.46,Credit Card,Kolkata,DEV-53BAE3,0,26.3
2026-07-09T18:50:42.866243,TX-5AF16A13,ACC-838355,ACC-969928,111242.66,RTGS,Bengaluru,DEV-0CD827,0,11.12
2026-07-10T08:20:42.866243,TX-D05C6AE1,ACC-358931,ACC-827921,602403.32,UPI,Hyderabad,DEV-E3F582,0,5.7
2026-07-09T13:19:42.866243,TX-EBF3877F,ACC-953215,ACC-651573,686925.93,Credit Card,Singapore,DEV-DA1C79,0,10.61
2026-07-08T06:34:42.866243,TX-13BA18F6,ACC-900313,ACC-839403,309058.98,RTGS,New York,DEV-42BF73,0,24.8
2026-07-05T00:12:42.866243,TX-DF8840B6,ACC-169144,ACC-810591,886486.14,NEFT,London,DEV-972722,1,86.89
2026-07-11T04:40:42.866243,TX-520FF047,ACC-641328,ACC-466284,542144.32,Internet Banking,Kolkata,DEV-C190FD,0,27.55
2026-07-05T17:30:42.866243,TX-E52AF158,ACC-764851,ACC-623265,705602.1,IMPS,New York,DEV-4C4CB0,0,24.16
2026-07-10T06:34:42.866243,TX-50B226D1,ACC-470583,ACC-272836,141383.08,RTGS,Bengaluru,DEV-672F87,0,10.16
2026-07-11T03:20:42.866243,TX-5F10D9D2,ACC-739737,ACC-313425,746561.89,IMPS,Kolkata,DEV-E295C0,0,7.58
2026-07-06T03:12:42.866243,TX-DED4C541,ACC-784271,ACC-802738,503256.04,RTGS,Pune,DEV-8205E9,0,25.4
2026-07-08T22:11:42.866243,TX-88239AC4,ACC-350855,ACC-461155,404513.29,RTGS,Kolkata,DEV-95D0BA,0,19.57
2026-07-06T22:56:42.866243,TX-B1DA1ED9,ACC-173478,ACC-594976,661485.53,NEFT,Singapore,DEV-490F2C,0,16.18
2026-07-11T02:54:42.866243,TX-D7364616,ACC-126374,ACC-380859,466301.61,ATM,Singapore,DEV-8B80E0,0,6.96
2026-07-11T21:33:42.866243,TX-F2C06B44,ACC-529419,ACC-703037,347095.64,ATM,Delhi,DEV-22A6F8,0,7.81
2026-07-10T17:56:42.866243,TX-8521C4B0,ACC-378125,ACC-591520,981610.59,ATM,Delhi,DEV-8AFD7F,1,83.84
2026-07-06T11:06:42.866243,TX-91BD266F,ACC-952795,ACC-838158,222056.12,UPI,New York,DEV-B8C4C6,0,5.87
2026-07-07T21:08:42.866243,TX-24450B3C,ACC-159712,ACC-450064,507148.39,Credit Card,Bengaluru,DEV-174ED3,0,22.12
2026-07-07T05:48:42.866243,TX-7ACBCA1A,ACC-440048,ACC-746969,855992.74,Mobile Banking,Pune,DEV-B613B2,0,11.34
2026-07-11T18:37:42.866243,TX-F9C7FED4,ACC-747315,ACC-201666,423878.02,Mobile Banking,London,DEV-F0AD1C,0,34.37
2026-07-05T00:48:42.866243,TX-250CC3D0,ACC-639195,ACC-610400,202929.79,Mobile Banking,Hyderabad,DEV-6D3984,0,15.34
2026-07-11T15:37:42.866243,TX-093FE696,ACC-124265,ACC-283544,746237.74,IMPS,New York,DEV-EA962E,0,34.68
2026-07-07T11:05:42.866243,TX-DB0D6791,ACC-882687,ACC-108950,744508.99,Credit Card,Mumbai,DEV-670AF0,0,16.23
2026-07-07T22:08:42.866243,TX-5F0DA9C8,ACC-152634,ACC-875649,251607.14,Internet Banking,Singapore,DEV-BD347D,0,28.52
2026-07-08T01:11:42.866243,TX-925BBD82,ACC-418061,ACC-909143,360355.26,RTGS,Hyderabad,DEV-0AD2D1,0,23.63
2026-07-05T14:51:42.866243,TX-0A086876,ACC-370451,ACC-654732,745212.15,IMPS,New York,DEV-C2207D,0,31.29
2026-07-07T02:00:42.866243,TX-DC54B26A,ACC-887482,ACC-527634,869700.87,Mobile Banking,Kolkata,DEV-24F8C0,0,7.52
2026-07-06T17:20:42.866243,TX-E063C3FF,ACC-807049,ACC-846172,94998.57,Credit Card,Kolkata,DEV-72917B,0,25.78
2026-07-06T02:26:42.866243,TX-07F95184,ACC-350130,ACC-493437,675302.18,Credit Card,Pune,DEV-62E9F3,0,31.68
2026-07-10T06:59:42.866243,TX-47466FEC,ACC-425856,ACC-998874,997678.31,Mobile Banking,Pune,DEV-1FADB5,0,13.17
2026-07-11T11:55:42.866243,TX-20CB0F9C,ACC-251590,ACC-238941,49212.82,Mobile Banking,Mumbai,DEV-E63D61,0,11.92
2026-07-09T17:22:42.866243,TX-12FDC2A1,ACC-758412,ACC-761409,29472.75,Internet Banking,New York,DEV-06BBAE,0,18.74
2026-07-11T13:24:42.866243,TX-CFCAD6C6,ACC-357557,ACC-938798,589521.08,Credit Card,Kolkata,DEV-E0A9D0,0,30.55
2026-07-11T09:21:42.866243,TX-5862E586,ACC-905910,ACC-738179,593864.87,RTGS,Bengaluru,DEV-306B36,0,20.15
2026-07-05T20:18:42.866243,TX-AD00314A,ACC-199761,ACC-476588,551102.6,Internet Banking,Mumbai,DEV-F09A11,0,17.92
2026-07-10T12:04:42.866243,TX-116372FE,ACC-850108,ACC-283682,148888.0,Credit Card,Singapore,DEV-304793,0,32.33
2026-07-09T21:53:42.866243,TX-9ABBF669,ACC-732072,ACC-948415,701518.31,Internet Banking,Pune,DEV-63CFD1,0,28.98
2026-07-09T20:16:42.866243,TX-7E18A43F,ACC-162274,ACC-443071,25893.85,IMPS,Hyderabad,DEV-C07E79,0,27.11
2026-07-08T18:44:42.866243,TX-89A8F669,ACC-535808,ACC-741713,373513.24,Credit Card,New York,DEV-7B3D19,0,22.2
2026-07-11T06:20:42.866243,TX-64C5CCCE,ACC-698961,ACC-901671,538175.61,NEFT,Singapore,DEV-06791D,0,22.32
2026-07-09T05:37:42.866243,TX-32CDD7E2,ACC-364435,ACC-268555,53117.68,UPI,Bengaluru,DEV-DD1DE1,0,22.05
2026-07-09T07:53:42.866243,TX-6D7C5A44,ACC-107655,ACC-164679,449572.67,IMPS,Singapore,DEV-BB70C6,0,13.5
2026-07-07T12:38:42.866243,TX-5229FB07,ACC-823344,ACC-356999,856328.67,Credit Card,Delhi,DEV-C7A1A2,0,5.78
2026-07-11T14:29:42.866243,TX-5D90A9B2,ACC-283201,ACC-667418,513577.13,Credit Card,Pune,DEV-AC9071,0,18.78
2026-07-08T10:31:42.866243,TX-59430846,ACC-949646,ACC-804589,336521.15,Internet Banking,Pune,DEV-97E483,0,5.14
2026-07-10T12:39:42.866243,TX-ECF2F0FD,ACC-277501,ACC-855657,74794.52,RTGS,Bengaluru,DEV-49E89D,0,14.22
2026-07-06T16:34:42.866243,TX-436B086D,ACC-728653,ACC-634709,446109.51,ATM,Kolkata,DEV-224948,0,29.12
2026-07-08T19:52:42.866243,TX-367038FE,ACC-409245,ACC-789800,251677.49,Credit Card,Delhi,DEV-76EA05,0,7.35
2026-07-07T09:07:42.866243,TX-03159B77,ACC-437979,ACC-995514,912220.83,Internet Banking,New York,DEV-4F9291,0,60.8
2026-07-07T03:03:42.866243,TX-FE4054E3,ACC-505157,ACC-792539,2394.4,IMPS,Mumbai,DEV-F83119,0,9.89
2026-07-06T13:25:42.866243,TX-B94D6DAE,ACC-103271,ACC-236507,25825.86,NEFT,Hyderabad,DEV-D05E1A,0,17.58
2026-07-07T18:30:42.866243,TX-0FD90E8B,ACC-987519,ACC-414673,386874.98,UPI,Mumbai,DEV-185295,0,10.38
2026-07-05T04:13:42.866243,TX-A9C3C751,ACC-364719,ACC-655203,710181.52,NEFT,Kolkata,DEV-E44C2D,0,31.55
2026-07-07T23:36:42.866243,TX-530F9681,ACC-790356,ACC-232985,149259.23,Internet Banking,Pune,DEV-AFD570,0,23.12
2026-07-10T05:28:42.866243,TX-58D70040,ACC-372316,ACC-635509,556630.47,IMPS,Mumbai,DEV-F26EBC,0,33.5
2026-07-08T11:35:42.866243,TX-9A4FB761,ACC-279195,ACC-154087,864713.6,Mobile Banking,Singapore,DEV-6410B2,0,22.88
2026-07-07T09:16:42.866243,TX-33456BE6,ACC-554034,ACC-894643,698567.15,NEFT,Singapore,DEV-36EF76,0,13.74
2026-07-11T21:40:42.866243,TX-8B336ED0,ACC-723368,ACC-285230,218555.42,UPI,New York,DEV-85DEF4,0,6.48
2026-07-07T08:30:42.866243,TX-BC770023,ACC-697893,ACC-683149,767577.0,IMPS,Hyderabad,DEV-E6F0DB,0,17.27
2026-07-07T10:15:42.866243,TX-44AF9CA5,ACC-477062,ACC-346128,735554.7,RTGS,Mumbai,DEV-5CB23F,0,7.54
2026-07-09T05:06:42.866243,TX-69E412D2,ACC-344692,ACC-825891,33345.09,Credit Card,Kolkata,DEV-F6F67F,0,19.01
2026-07-11T06:52:42.866243,TX-EC57359E,ACC-856228,ACC-562065,487977.89,Credit Card,Bengaluru,DEV-2C2235,0,23.28
2026-07-08T09:56:42.866243,TX-A396EF15,ACC-811674,ACC-143261,487290.0,ATM,Bengaluru,DEV-870717,0,7.52
2026-07-09T11:25:42.866243,TX-DB184D43,ACC-300019,ACC-690825,558685.67,RTGS,Hyderabad,DEV-B43D3D,0,15.73
2026-07-10T08:28:42.866243,TX-A265D043,ACC-560960,ACC-649845,135248.93,IMPS,Hyderabad,DEV-C014C2,0,33.46
2026-07-08T03:52:42.866243,TX-007044BD,ACC-151814,ACC-847851,13751.39,UPI,New York,DEV-6AEEE3,0,10.64
2026-07-08T06:08:42.866243,TX-DC674727,ACC-493655,ACC-791719,592271.07,Credit Card,Pune,DEV-7CBD91,0,14.59
2026-07-11T18:56:42.866243,TX-8280F2A2,ACC-641068,ACC-487511,729511.04,Credit Card,Delhi,DEV-0358C1,0,6.78
2026-07-07T08:15:42.866243,TX-5EC8C549,ACC-240790,ACC-593923,489914.35,NEFT,Delhi,DEV-F77100,0,33.9
2026-07-11T08:23:42.866243,TX-732D2E13,ACC-196010,ACC-791022,293361.73,NEFT,Delhi,DEV-5D3806,0,20.86
2026-07-05T11:10:42.866243,TX-B48883C5,ACC-828647,ACC-721466,634798.59,IMPS,Singapore,DEV-567D1D,0,30.62
2026-07-05T20:47:42.866243,TX-1DB673A5,ACC-314491,ACC-672980,714968.79,IMPS,Hyderabad,DEV-8ED5B4,0,22.62
2026-07-11T15:05:42.866243,TX-EA6785CC,ACC-391282,ACC-946869,765792.39,Internet Banking,London,DEV-310CDA,0,33.36
2026-07-08T00:21:42.866243,TX-0817E9DB,ACC-886878,ACC-315025,773980.61,Credit Card,Singapore,DEV-6BFF5E,0,6.72
2026-07-08T14:02:42.866243,TX-D4FABE98,ACC-658370,ACC-680663,880400.04,IMPS,Pune,DEV-7D3E2C,0,25.46
2026-07-11T13:34:42.866243,TX-7C65939D,ACC-190128,ACC-368815,504586.46,Mobile Banking,Mumbai,DEV-45236F,0,14.64
2026-07-11T14:47:42.866243,TX-1C7AD656,ACC-382143,ACC-989977,35581.42,IMPS,New York,DEV-4C0A97,0,13.14
2026-07-09T04:00:42.866243,TX-8972B891,ACC-835717,ACC-957182,59157.76,RTGS,New York,DEV-5AA729,0,27.78
2026-07-07T14:16:42.866243,TX-3DDF7B91,ACC-771102,ACC-606669,922004.49,IMPS,Kolkata,DEV-1E4EB2,0,26.13
2026-07-09T19:01:42.866243,TX-D33338E7,ACC-875713,ACC-104808,479380.79,UPI,Bengaluru,DEV-2523A1,0,9.44
2026-07-11T21:39:42.866243,TX-AC0C97DE,ACC-911408,ACC-953303,106125.79,Mobile Banking,Bengaluru,DEV-B32B6F,0,22.65
2026-07-07T09:40:42.866243,TX-586E5E4A,ACC-174250,ACC-233405,715128.09,Credit Card,Mumbai,DEV-2E5BE7,0,26.94
2026-07-07T18:11:42.866243,TX-5C28CE7E,ACC-715400,ACC-756920,216326.96,ATM,New York,DEV-526A4D,0,21.25
2026-07-11T19:58:42.866243,TX-20E0A128,ACC-853669,ACC-794363,317482.31,ATM,Delhi,DEV-3EBACE,0,18.89
2026-07-05T04:32:42.866243,TX-E1C864B9,ACC-994454,ACC-418438,932789.67,UPI,New York,DEV-5BF9DC,0,34.07
2026-07-07T23:32:42.866243,TX-E45B412D,ACC-306782,ACC-775147,344221.85,Credit Card,Bengaluru,DEV-EC6F81,0,17.24
2026-07-08T18:36:42.866243,TX-44CBBF13,ACC-501230,ACC-600485,368275.61,Credit Card,Mumbai,DEV-E9F5AA,0,32.09
2026-07-10T16:14:42.866243,TX-0F2A04C5,ACC-644011,ACC-639785,354286.15,Credit Card,Pune,DEV-D669ED,0,26.3
2026-07-08T19:42:42.866243,TX-74D16155,ACC-672647,ACC-252882,466690.7,NEFT,Bengaluru,DEV-D3AFB3,0,13.31
2026-07-05T10:51:42.866243,TX-DA1D716B,ACC-735547,ACC-208825,755770.67,NEFT,Singapore,DEV-FE847D,0,28.99
2026-07-10T02:51:42.866243,TX-CCC80079,ACC-757950,ACC-351084,895757.8,IMPS,Singapore,DEV-45733C,0,10.53
2026-07-10T15:47:42.866243,TX-04433FF9,ACC-759692,ACC-469876,645411.94,ATM,Delhi,DEV-3CFA3D,0,10.72
2026-07-05T14:43:42.866243,TX-467BA17D,ACC-513757,ACC-422622,544949.01,Mobile Banking,Mumbai,DEV-7CD4C5,0,21.66
2026-07-10T12:49:42.866243,TX-AACB4BFE,ACC-171603,ACC-211508,218809.69,RTGS,Bengaluru,DEV-A2DEC4,0,16.34
2026-07-06T20:23:42.866243,TX-AA3BA8BE,ACC-589368,ACC-132548,296162.16,IMPS,Bengaluru,DEV-E2E2B1,0,19.39
2026-07-09T14:11:42.866243,TX-1F5FA04D,ACC-684219,ACC-803169,819294.05,Credit Card,Delhi,DEV-55FE26,0,27.45
2026-07-06T12:30:42.866243,TX-0A19D72A,ACC-149989,ACC-711546,252763.98,RTGS,Delhi,DEV-B12E5D,0,24.84
2026-07-09T12:39:42.866243,TX-01123FF7,ACC-295652,ACC-471630,356724.92,ATM,Delhi,DEV-8BDC22,0,7.71
2026-07-11T11:34:42.866243,TX-60ED7D6F,ACC-906053,ACC-425519,784924.66,UPI,Bengaluru,DEV-A6724E,0,10.05
2026-07-11T08:10:42.866243,TX-BB2FF5AE,ACC-779290,ACC-167925,687849.74,IMPS,Kolkata,DEV-84D864,0,17.94
2026-07-05T14:24:42.866243,TX-181CEFAF,ACC-731695,ACC-567310,229613.42,UPI,Kolkata,DEV-534692,0,6.81
2026-07-06T15:57:42.866243,TX-4BDD11B6,ACC-650447,ACC-507215,59863.5,Credit Card,Hyderabad,DEV-E0C13C,0,27.24
2026-07-10T17:57:42.866243,TX-2CF223CC,ACC-517870,ACC-366064,471193.54,NEFT,Bengaluru,DEV-A3E0E9,0,31.12
2026-07-09T20:11:42.866243,TX-1EC3DFDD,ACC-154404,ACC-526067,158571.5,UPI,Delhi,DEV-E1F68B,0,8.73
2026-07-05T17:15:42.866243,TX-C3B9F1BC,ACC-998630,ACC-175562,96315.49,Internet Banking,Kolkata,DEV-0291F3,0,23.44
2026-07-11T17:05:42.866243,TX-55FDBDE4,ACC-693623,ACC-974276,738743.32,NEFT,London,DEV-6C46E5,0,24.07
2026-07-05T16:41:42.866243,TX-82CFA368,ACC-547541,ACC-117220,44036.5,RTGS,Mumbai,DEV-F602DC,0,7.27
2026-07-06T07:41:42.866243,TX-704FFFFF,ACC-720696,ACC-953185,378081.03,RTGS,New York,DEV-8973BA,0,26.62
2026-07-07T21:09:42.866243,TX-99C4CA2F,ACC-116719,ACC-812597,668319.65,NEFT,Pune,DEV-346C12,0,7.41
2026-07-09T01:49:42.866243,TX-F2BAC0CC,ACC-293031,ACC-997047,725218.66,IMPS,Pune,DEV-B870DE,0,29.23
2026-07-08T19:31:42.866243,TX-A05DC51C,ACC-203446,ACC-251629,229769.16,NEFT,New York,DEV-C6F3EA,0,7.77
2026-07-06T11:39:42.866243,TX-38A3ED54,ACC-145060,ACC-877891,380781.83,IMPS,London,DEV-2E94AD,0,28.11
2026-07-09T23:42:42.866243,TX-BDBCC79C,ACC-570672,ACC-843413,895933.82,IMPS,New York,DEV-38E803,1,94.25
2026-07-07T08:17:42.866243,TX-99111631,ACC-129212,ACC-370283,593795.72,Credit Card,Mumbai,DEV-D65FFA,0,8.26
2026-07-07T12:54:42.866243,TX-47A8246A,ACC-314529,ACC-883659,742083.36,IMPS,Singapore,DEV-BDA494,0,32.74
2026-07-08T15:53:42.866243,TX-522D208E,ACC-846216,ACC-580223,915034.66,ATM,Mumbai,DEV-AFB4CD,0,26.33
2026-07-10T18:38:42.866243,TX-3850A9AE,ACC-112308,ACC-446707,59998.73,Mobile Banking,London,DEV-F87C4C,0,11.12
2026-07-10T01:07:42.866243,TX-309106CD,ACC-848446,ACC-637800,514316.55,Internet Banking,Kolkata,DEV-F4AC6D,0,19.55
2026-07-08T05:40:42.866243,TX-E1A983B2,ACC-752444,ACC-955176,658426.9,Mobile Banking,London,DEV-18297A,0,18.16
2026-07-05T06:49:42.866243,TX-B49AFF49,ACC-870017,ACC-282888,404450.39,UPI,Kolkata,DEV-503FC3,0,31.44
2026-07-11T19:43:42.866243,TX-EDAB4EF9,ACC-883253,ACC-144659,162616.44,ATM,Hyderabad,DEV-6EF38B,0,24.55
2026-07-07T23:09:42.866243,TX-C8AD269D,ACC-995346,ACC-957909,111783.67,UPI,Pune,DEV-43321A,0,29.84
2026-07-10T19:10:42.866243,TX-3CC6C706,ACC-748995,ACC-710455,951338.55,RTGS,Bengaluru,DEV-1FF1B4,0,12.89
2026-07-07T11:46:42.866243,TX-619D2619,ACC-916310,ACC-243076,853423.13,Internet Banking,Mumbai,DEV-90EA48,0,14.82
2026-07-06T00:36:42.866243,TX-4708B3E1,ACC-449324,ACC-632733,620580.18,UPI,Pune,DEV-49BF74,0,33.33
2026-07-11T01:36:42.866243,TX-3572EB80,ACC-740244,ACC-151354,315269.97,UPI,Pune,DEV-D75570,0,29.73
2026-07-10T09:50:42.866243,TX-5C818BE1,ACC-170733,ACC-315195,574511.83,Internet Banking,Pune,DEV-BE8BDB,0,26.29
2026-07-06T23:32:42.866243,TX-1EBF253E,ACC-509547,ACC-367824,474198.32,Credit Card,London,DEV-2C3D81,0,34.95
2026-07-08T17:58:42.866243,TX-E8099D47,ACC-961824,ACC-990995,17947.38,NEFT,New York,DEV-546EA1,0,24.79
2026-07-06T18:36:42.866243,TX-5FE66CD8,ACC-710416,ACC-995790,240892.92,NEFT,New York,DEV-7FDD82,0,31.15
2026-07-09T23:41:42.866243,TX-407A363B,ACC-886421,ACC-593558,791951.0,ATM,Hyderabad,DEV-A08AE7,0,9.42
2026-07-05T15:58:42.866243,TX-4B4130C3,ACC-298980,ACC-809506,113711.58,RTGS,London,DEV-4018ED,0,22.9
2026-07-05T10:10:42.866243,TX-5D7B0060,ACC-979982,ACC-815487,970613.74,Credit Card,Pune,DEV-D1151D,0,20.09
2026-07-06T08:41:42.866243,TX-99FA222C,ACC-919817,ACC-566306,728586.28,NEFT,New York,DEV-E526DB,0,32.21
2026-07-08T06:35:42.866243,TX-FC78D628,ACC-361564,ACC-925106,789429.37,Credit Card,Pune,DEV-A94C0A,0,21.57
2026-07-07T14:19:42.866243,TX-246CD7AF,ACC-580881,ACC-226524,782829.84,IMPS,Bengaluru,DEV-A91A39,0,13.16
2026-07-10T13:52:42.866243,TX-BC39DE80,ACC-495934,ACC-932379,867533.77,RTGS,Delhi,DEV-CD0867,0,17.83
2026-07-11T03:42:42.866243,TX-EA353FD5,ACC-328039,ACC-515427,931486.68,IMPS,Mumbai,DEV-5F7472,0,76.41
2026-07-10T07:03:42.866243,TX-9A36E185,ACC-199036,ACC-623026,233345.36,ATM,Delhi,DEV-D32661,0,27.9
2026-07-11T12:40:42.866243,TX-07E0283A,ACC-924257,ACC-568496,192358.84,RTGS,Bengaluru,DEV-338C05,0,16.21
2026-07-11T13:18:42.866243,TX-12431FD4,ACC-768770,ACC-931224,741035.12,ATM,New York,DEV-6C186E,0,24.78
2026-07-07T00:58:42.866243,TX-74C59FF1,ACC-168651,ACC-718987,420279.77,ATM,Mumbai,DEV-E7CA67,0,13.94
2026-07-11T13:47:42.866243,TX-DA2E50C3,ACC-325241,ACC-514677,716779.27,RTGS,Bengaluru,DEV-FB9B7C,0,33.39
2026-07-06T18:57:42.866243,TX-BAEFB45B,ACC-267420,ACC-361301,478212.47,RTGS,Singapore,DEV-A98D80,0,11.37
2026-07-06T20:21:42.866243,TX-5F53958E,ACC-458982,ACC-582587,360857.17,IMPS,Mumbai,DEV-35F2E2,0,8.35
2026-07-06T14:57:42.866243,TX-E9C5AD21,ACC-108559,ACC-334801,897403.33,Internet Banking,Hyderabad,DEV-8A1A17,0,26.87
2026-07-07T14:03:42.866243,TX-ACEF6B92,ACC-728181,ACC-578873,486582.53,IMPS,Singapore,DEV-E50CDE,0,10.09
2026-07-08T21:45:42.866243,TX-24275347,ACC-634341,ACC-208021,798236.39,Internet Banking,Delhi,DEV-38A828,0,25.29
2026-07-11T08:28:42.866243,TX-32A8854A,ACC-684857,ACC-301048,191261.56,RTGS,London,DEV-3370CD,0,19.52
2026-07-10T22:23:42.866243,TX-B63D2E6C,ACC-635257,ACC-891216,987971.87,UPI,Pune,DEV-47A3BF,0,14.32
2026-07-10T06:18:42.866243,TX-1B9F96DD,ACC-989997,ACC-732549,296879.08,Credit Card,New York,DEV-5575F8,0,20.88
2026-07-11T17:59:42.866243,TX-CDE8B4FA,ACC-705147,ACC-804603,556075.88,UPI,London,DEV-809A23,0,32.67
2026-07-07T09:17:42.866243,TX-2E524401,ACC-664926,ACC-386735,121308.86,UPI,Delhi,DEV-7CD5DE,0,28.58
2026-07-10T03:11:42.866243,TX-646D838E,ACC-527270,ACC-354756,94496.88,UPI,Mumbai,DEV-42F80D,0,18.31
2026-07-07T17:32:42.866243,TX-39CCA0A2,ACC-652292,ACC-751072,478875.12,Mobile Banking,Singapore,DEV-850EF9,0,9.03
2026-07-08T15:13:42.866243,TX-C9BB4A93,ACC-498592,ACC-709993,316925.4,RTGS,Pune,DEV-F05230,0,17.72
2026-07-08T12:45:42.866243,TX-9986E741,ACC-521393,ACC-777896,327354.04,Credit Card,Singapore,DEV-0DA2AF,0,20.76
2026-07-07T11:43:42.866243,TX-DC4AB130,ACC-623032,ACC-491608,799155.75,UPI,Kolkata,DEV-A6E89F,0,15.58
2026-07-08T15:30:42.866243,TX-39BA1470,ACC-925214,ACC-200355,804769.97,Credit Card,Hyderabad,DEV-3CB987,0,13.1
2026-07-05T03:33:42.866243,TX-4FCCC318,ACC-724046,ACC-852989,604243.6,RTGS,Pune,DEV-A05DBF,0,19.51
2026-07-07T03:48:42.866243,TX-360E885A,ACC-563380,ACC-626057,839729.53,NEFT,Bengaluru,DEV-64E5B6,0,16.1
2026-07-05T08:11:42.866243,TX-51231074,ACC-405310,ACC-777859,771627.61,UPI,New York,DEV-EA05F1,0,82.69
2026-07-08T15:26:42.866243,TX-BE39F359,ACC-716401,ACC-308213,141404.35,Credit Card,Delhi,DEV-193616,0,17.98
2026-07-09T15:33:42.866243,TX-904FC419,ACC-157945,ACC-155416,642364.41,RTGS,London,DEV-8617F9,0,19.01
2026-07-05T11:34:42.866243,TX-8271249F,ACC-703069,ACC-856223,708168.65,IMPS,New York,DEV-673025,0,29.57
2026-07-10T16:52:42.866243,TX-AC4E784E,ACC-456881,ACC-234022,362469.93,Credit Card,Bengaluru,DEV-2AD161,0,23.49
2026-07-08T02:17:42.866243,TX-2DC9F438,ACC-890033,ACC-458275,466562.35,UPI,Kolkata,DEV-D92E08,0,7.25
2026-07-10T09:42:42.866243,TX-BDF5FAB8,ACC-399361,ACC-309288,371511.12,UPI,Kolkata,DEV-C3955A,0,32.69
2026-07-10T03:20:42.866243,TX-4D592EDE,ACC-866703,ACC-813570,411070.16,Internet Banking,Kolkata,DEV-312C76,0,16.41
2026-07-05T21:22:42.866243,TX-EF4EFC3C,ACC-282479,ACC-453850,747932.74,Mobile Banking,Mumbai,DEV-67A353,0,13.54
2026-07-09T06:41:42.866243,TX-25BE39B0,ACC-926300,ACC-871748,43069.33,UPI,Kolkata,DEV-0CC71E,0,23.62
2026-07-10T11:06:42.866243,TX-8FEEDCFA,ACC-100119,ACC-306397,599991.71,UPI,Bengaluru,DEV-D4BB61,0,34.91
2026-07-08T04:30:42.866243,TX-4DA410AD,ACC-334575,ACC-141296,792271.25,ATM,London,DEV-849519,0,34.25
2026-07-08T06:37:42.866243,TX-ECA9A3BC,ACC-619785,ACC-659770,18258.94,Internet Banking,Delhi,DEV-6064D9,0,8.58
2026-07-05T08:53:42.866243,TX-B231E695,ACC-649245,ACC-168135,703730.42,NEFT,Kolkata,DEV-6BFFF3,0,5.44
2026-07-08T07:15:42.866243,TX-732E94B7,ACC-854397,ACC-322875,409031.49,Mobile Banking,Kolkata,DEV-971899,0,31.2
2026-07-07T18:47:42.866243,TX-8934FE48,ACC-176522,ACC-657272,653035.81,ATM,Hyderabad,DEV-34D09A,0,14.34
2026-07-09T19:39:42.866243,TX-4B2DFFFD,ACC-145349,ACC-175578,376518.67,Credit Card,London,DEV-F7D01D,0,71.85
2026-07-07T20:23:42.866243,TX-7B490A76,ACC-962424,ACC-228110,217276.75,Mobile Banking,Pune,DEV-F967B0,0,13.76
2026-07-06T15:13:42.866243,TX-5357B056,ACC-572761,ACC-216379,827451.21,UPI,Bengaluru,DEV-E24F17,0,29.46
2026-07-09T01:43:42.866243,TX-34D22956,ACC-742075,ACC-480475,21755.97,ATM,Singapore,DEV-D3CF5E,0,34.81
2026-07-11T12:51:42.866243,TX-56C2BCB8,ACC-580336,ACC-397519,215073.34,Credit Card,Mumbai,DEV-8CDC44,0,24.05
2026-07-10T23:52:42.866243,TX-FB9E026D,ACC-835391,ACC-539601,106488.3,Credit Card,London,DEV-5E4E15,0,14.75
2026-07-09T03:28:42.866243,TX-51413A65,ACC-718023,ACC-688196,289473.68,NEFT,Bengaluru,DEV-17DE26,0,21.97
2026-07-09T18:12:42.866243,TX-C601FA65,ACC-259926,ACC-659260,568698.12,ATM,Bengaluru,DEV-7117A5,0,20.89
2026-07-07T15:19:42.866243,TX-85156BBC,ACC-129774,ACC-644763,87560.87,UPI,Mumbai,DEV-351882,0,15.23
2026-07-05T00:29:42.866243,TX-11AD00E6,ACC-323587,ACC-776210,108528.83,ATM,London,DEV-A456F4,0,26.67
2026-07-10T23:41:42.866243,TX-C843537D,ACC-621482,ACC-352284,689521.96,Internet Banking,Hyderabad,DEV-517F7D,0,27.84
2026-07-11T18:15:42.866243,TX-C9A2A81C,ACC-649040,ACC-722355,714091.08,ATM,Pune,DEV-3000A7,0,7.89
2026-07-08T00:07:42.866243,TX-F6E705DF,ACC-110259,ACC-799677,808518.83,Internet Banking,Kolkata,DEV-CEBC59,0,85.53
2026-07-08T00:00:42.866243,TX-AA9BC47F,ACC-944513,ACC-184524,4170.47,Mobile Banking,Kolkata,DEV-72A4C6,0,22.55
2026-07-06T07:45:42.866243,TX-878FFEB1,ACC-954647,ACC-952051,345459.33,Internet Banking,Delhi,DEV-26A208,0,30.52
2026-07-08T07:36:42.866243,TX-F3D8B1B3,ACC-201484,ACC-248769,766351.51,NEFT,Pune,DEV-12EC09,0,13.89
2026-07-06T16:45:42.866243,TX-49C43F37,ACC-217562,ACC-657313,900987.33,UPI,Pune,DEV-832034,0,34.21
2026-07-08T12:41:42.866243,TX-DD22B079,ACC-528406,ACC-327013,795215.29,NEFT,Kolkata,DEV-9B3D80,0,22.08
2026-07-09T19:00:42.866243,TX-51956BCB,ACC-415507,ACC-772217,850574.77,Credit Card,Mumbai,DEV-25BFC2,0,16.5
2026-07-10T21:43:42.866243,TX-F389B290,ACC-724547,ACC-558652,237661.11,UPI,Mumbai,DEV-3FAD79,0,18.6
2026-07-05T05:36:42.866243,TX-E18C9204,ACC-205954,ACC-543651,146769.12,UPI,Bengaluru,DEV-3550AF,0,19.52
2026-07-05T18:21:42.866243,TX-7CB7C461,ACC-194634,ACC-647142,180301.7,Internet Banking,New York,DEV-95D66F,0,10.53
2026-07-05T18:14:42.866243,TX-19A05124,ACC-725836,ACC-213272,946246.16,Mobile Banking,Hyderabad,DEV-656906,0,8.43
2026-07-11T03:15:42.866243,TX-9DDCDA89,ACC-503666,ACC-584992,100872.58,UPI,Kolkata,DEV-68D0A4,0,24.76
2026-07-09T16:54:42.866243,TX-D9C3C648,ACC-613061,ACC-229953,504084.92,NEFT,Kolkata,DEV-8DE199,0,34.3
2026-07-06T16:47:42.866243,TX-E47A9F35,ACC-664709,ACC-552108,232833.21,RTGS,Hyderabad,DEV-578EFB,0,20.82
2026-07-06T16:31:42.866243,TX-722866AD,ACC-385890,ACC-810783,175626.75,UPI,Hyderabad,DEV-A8137E,0,19.95
2026-07-09T11:14:42.866243,TX-AA24D0BE,ACC-343337,ACC-280074,728813.0,RTGS,Delhi,DEV-CD293C,0,10.09
2026-07-07T10:00:42.866243,TX-C2CBD1B1,ACC-437079,ACC-342484,738835.07,RTGS,Mumbai,DEV-A4B573,0,27.9
2026-07-11T11:57:42.866243,TX-CC4F1D3F,ACC-941486,ACC-721565,25880.83,UPI,New York,DEV-0033B6,0,68.92
2026-07-09T02:16:42.866243,TX-50B75D34,ACC-791728,ACC-506784,158627.65,RTGS,New York,DEV-138CAF,0,24.33
2026-07-06T17:07:42.866243,TX-65D2F045,ACC-265152,ACC-787349,480532.14,Credit Card,Hyderabad,DEV-B434D2,0,34.15
2026-07-05T19:11:42.866243,TX-F62F5C58,ACC-685806,ACC-960054,263407.94,ATM,New York,DEV-F64D80,0,33.11
2026-07-07T15:15:42.866243,TX-F38DEA15,ACC-807525,ACC-593026,320491.13,UPI,London,DEV-D9561D,0,30.09
2026-07-06T09:14:42.866243,TX-23CDB200,ACC-780388,ACC-613477,455280.76,Mobile Banking,Mumbai,DEV-A88D95,0,5.17
